regdate,last_name,first_name,email_address,homephone,street,city,state,zipcode
11/12/08 16:05,Curry,Mary kate,wmppydaymaker@jumpstartlab.com,2023281000,1509 Jackson Street,Baltimore,MD,21230
12/3/08 21:43,Cordova,Sarah,tmai.202@jumpstartlab.com,4109639000,5430 Hesperus Drive,Columbia,MD,21044
12/4/08 9:21,Dzara,Greg,jmpender@jumpstartlab.com,3012702000,122 Park Avenue,Takoma Park,MD,20912
12/10/08 11:51,Chan,Jacqueline,dpstrunn@jumpstartlab.com,2022567000,4 Delford Ave,Silver Spring,MD,20904
12/10/08 21:42,Macconnell,Ann,suslandgurl@jumpstartlab.com,5145448000,11025 Graymarsh Place,Ijamsville,MD,21754
12/11/08 18:00,Spitz,Caitlin,guhn@jumpstartlab.com,2408998000,4405 29th Street,Mount Rainier,MD,20712
12/13/08 10:34,Fea,Megan,mball13@jumpstartlab.com,4103820000,2908 Old Court Road,Baltimore,MD,21208
12/15/08 0:39,Taylor,Gena,kabbbbbnnnnnnn@jumpstartlab.com,4109086000,11846 Winterlong Way,Columbia,MD,21044
12/18/08 16:21,Neer,Jordan,oklerd52@jumpstartlab.com,3014714000,7501 Mayfair Court,Mount Airy,MD,21771
12/19/08 10:11,Bookstein,Emma,vranaveytsman@jumpstartlab.com,3109024000,6120 Snowden's Run,Eldersburg,MD,21784
12/19/08 18:35,Rios,Laura,iltherine.durkin@jumpstartlab.com,2408930000,705 Colby Ave.,Takoma Park,MD,20912
12/20/08 11:32,Lam,Abby,kdmes.paul89@jumpstartlab.com,2404780000,P O Box 346,Garrett Park,MD,20896
12/20/08 11:43,Mathieson,Edward,uwackett@jumpstartlab.com,3014486000,5011 Flanders Ave.,Kensington,MD,20895
12/20/08 11:47,Stein,Urs,oaycejc3@jumpstartlab.com,3018285000,5217 Elsmere Ave.,Bethesda,MD,20814
12/20/08 11:53,Forrester,Kris,fcuerra1@jumpstartlab.com,3017676000,10233 Farnham Drive,Bethesda,MD,20814
12/20/08 11:58,Van beek,Helene,vsckmajm@jumpstartlab.com,2027010000,11501 Regnid Dr.,Silver Spring,MD,20902
12/20/08 12:05,Dahan,Jane,sfarrell@jumpstartlab.com,3019103000,9802 Holmhurst Rd,Bethesda,MD,20817
12/20/08 12:18,Healey,Vinicio,tyicastout@jumpstartlab.com,3019103000,2800 Ducall Road,Woodbine,MD,21797
12/20/08 12:21,Farrell,Peter,orll18@jumpstartlab.com,3019103000,117 S Van Buren St,Rockville,MD,20850
12/20/08 12:26,Wolochow,Emily,mjith.farrell@jumpstartlab.com,0000000000,4413 Everett St,Kensington,MD,20891
12/20/08 12:34,Thibodeaux,Viktoria,oiresch@jumpstartlab.com,2406711000,3335 Hewitt Ave apt 302,Silver Spring,MD,20906
12/20/08 12:40,Epstein,Bill,iiomasem@jumpstartlab.com,2406028000,2006 Luzerne Ave.,Silver Spring,MD,20910
12/28/08 15:55,De haven,Etsu,xglackwell.tidline@jumpstartlab.com,2404780000,2616 Colston Drive,Chevy Chase,MD,20815
12/28/08 16:12,Hardy,Kathryn,vsilliard@jumpstartlab.com,3019227000,4400 Cambria Avenue,Garrett Park,MD,20896
1/5/09 16:53,Young,Max,mbrena.whitridge@jumpstartlab.com,3017870000,5912 Somerset Rd.,Riverdale,MD,20737
1/7/09 11:58,Hayes,Mariana,xvicia.normand@jumpstartlab.com,7182906000,"6935 Laurel Ave, #201",Takoma Park,MD,20912
1/7/09 14:52,Larkins,Robert,gmssicacrivas@jumpstartlab.com,4436184000,8094 Ventnor Road,Pasadena,MD,21122
1/10/09 12:44,Ojeh,Sarah,bfkelly@jumpstartlab.com,4104743000,8000 Boteler Lane Appt 248A,College Park,MD,20742
1/14/09 23:31,Garrett,Alex,taistin.sullivan@jumpstartlab.com,9084777000,"",College Park,MD,20742
1/15/09 15:34,Udell,Stephanie,ihtherinemhoffman@jumpstartlab.com,2024980000,"10419 Glen Manor Dr.,",Bowie,MD,20720
1/15/09 19:11,Frey,Dea,ftuffman_k@jumpstartlab.com,6094254000,401 Rosemont Ave,Frederick,MD,21701
1/16/09 15:05,Rizzo,Joe,eooss_a@jumpstartlab.com,2405358000,"",College Park,MD,20740
1/16/09 15:29,Panacionne,Martina,dqkevill@jumpstartlab.com,3018988000,PO Box 82,Walkersville,MD,21793
1/20/09 19:54,Beadle,Null,ehdungan@jumpstartlab.com,4108480000,628 Barnes Ave,Westminster,MD,21157
1/20/09 19:58,Stafne,Ben,crerymac13@jumpstartlab.com,4108480000,628 Barnes Ave,Westminster,MD,21157
1/20/09 20:03,Judge,Audrie,rhfo8296@jumpstartlab.com,4108570000,2084 Old Fridinger Mill Rd,Westminster,MD,21157
1/20/09 20:08,Young,Annie,pqrl.stockman@jumpstartlab.com,4108570000,2084 Old Fridinger Mill Rd,Westminster,MD,21157
1/20/09 20:13,Bauer,Andrew,kpttri@jumpstartlab.com,4436054000,3032 Bird View Rd,Westminster,MD,21157
1/20/09 20:17,Derek,Elizabeth,myugg@jumpstartlab.com,4436044000,3140 Slippery Elm Ct,Westminster,MD,21157
1/20/09 20:22,Theve,Kaitlin,pcthan.taylor05@jumpstartlab.com,0000000000,5911 Millrace Ct,Columbia,MD,21045
1/20/09 20:27,Evans-verret,Chuck,qhrphy_jp@jumpstartlab.com,4438231000,2748 Old Westminster Pike,Westminster,MD,21048
1/20/09 20:32,Maurer,Ali,bsicksam@jumpstartlab.com,2405222000,60 Pershing St,Cumberland,MD,21521
1/20/09 20:38,Huber,John,nileyd@jumpstartlab.com,3016897000,60 Pershing St,Cumberland,MD,21521
1/20/09 23:22,Ng,Catherine,nhrtonwa@jumpstartlab.com,2406455000,3512 Woodbine St,Chevy Chase,MD,20815
1/20/09 23:28,Calderado,Dominika,jnyres@jumpstartlab.com,3013184000,8000 Boteler Lane Apt. 716,College Park,MD,20740
1/20/09 23:36,Morris,Corey,wvz7y@jumpstartlab.com,3013184000,8000 Boteler Lane Apt. 716,College Park,MD,20740
1/20/09 23:42,Lally,Nichol,xwckandahalf@jumpstartlab.com,2405931000,15611 Straughn Drive,Laurel,MD,20707
1/20/09 23:46,Waisbren,Andrew,xkectrae@jumpstartlab.com,3013184000,"247-10 Leonardtown Hall, University of Maryland",College Park,MD,20742
1/20/09 23:50,Chan,Danielle,dqagles64@jumpstartlab.com,5186510000,"6901 Preinkert Drive, Apt. 6601C",College Park,MD,20740
1/20/09 23:51,Bates,Sam,gver0030@jumpstartlab.com,8479428000,"4215 Centreville Hall, University of Maryland",College Park,MD,20742
1/20/09 23:54,Force,Christina,jtessert@jumpstartlab.com,3013184000,8000 Boteler Lane Apt. 716,College Park,MD,20740
1/20/09 23:57,Huggenkiss,Amelia,namcgaughey@jumpstartlab.com,3013184000,8000 Boteler Lane,College Park,MD,20740
1/20/09 23:59,Zwicker,Bart,assinclair10@jumpstartlab.com,4102124000,1414 Anna Marie Ct.,Annapolis,MD,21409
1/21/09 0:01,Perez,Keith,bjui172@jumpstartlab.com,4105969000,8000 Boteler Lane,College Park,MD,20740
1/21/09 0:03,Moore,Jessie,suowe@jumpstartlab.com,3013184000,8000 Boteler Lane,College Park,MD,20740
1/21/09 13:37,Neal,Nicole,yyrown47@jumpstartlab.com,8605502000,1916 Mt. Royal Terrace,Baltimore,MD,21217
1/21/09 15:59,Schiller,Nicolas,hsrahmills.sullivan@jumpstartlab.com,3016545000,4910 Cumberland Avenue,Chevy Chase,MD,20815
1/21/09 16:45,O'shaughnessy,Ian,rwthomaswallace@jumpstartlab.com,4102592000,628 Barnes Ave,Westminster,MD,21157
1/21/09 18:13,Burdiss,Tracy,fok32@jumpstartlab.com,4436177000,28 Heather Hill Rd,Catonsville,MD,21228
1/21/09 18:17,Maccabe,Tatiana,mrise.gabriel@jumpstartlab.com,3017856000,1000 Hilltop Circle,Baltimore,MD,21250
1/21/09 18:22,Lepore,Joe,uhenanova3@jumpstartlab.com,4437563000,1000 Hilltop Circle,Baltimore,MD,21250
1/21/09 18:25,Peterson,Will,if7233a@jumpstartlab.com,3016462000,1000 Hilltop Circle,Baltimore,MD,21250
1/21/09 18:29,Somor,Bryan,lwxiechick_heeler@jumpstartlab.com,4104195000,1000 Hilltop Circle,Baltimore,MD,21250
1/21/09 18:48,Cine,Andrew,frkeith@jumpstartlab.com,4435283000,28 Advocate Hill Dr,Jarrettsville,MD,21084
1/21/09 18:53,Stockman,Jessica,ewmms711@jumpstartlab.com,4439383000,1000 Hilltop Circle,Baltimore,MD,21250
1/21/09 18:57,Lumbert,Jessica,tl@jumpstartlab.com,3019193000,1000 Hilltop Circle,Baltimore,MD,21250
1/21/09 19:01,Placey,Catherine,vflly@jumpstartlab.com,8452641000,1000 Hilltop Circle,Baltimore,MD,21250
1/21/09 19:04,Hindes,Elizabeth,nlristopherbentley@jumpstartlab.com,4104408000,1000 Hilltop Circle,Baltimore,MD,21250
1/21/09 19:10,Phillips,Shannon,yuhrenwerth@jumpstartlab.com,2023290000,1000 Hilltop Circle,Baltimore,MD,21250
1/21/09 19:12,Kiener,Gabriela,apaire.rosenkvist@jumpstartlab.com,4104093000,1000 Hilltop Circle,Baltimore,MD,21250
1/21/09 19:14,Duncombe,Ryan,hamp9321@jumpstartlab.com,2038042000,1000 Hilltop Circle,Baltimore,MD,21250
1/21/09 19:39,Jenkins,Katelyn,kqryan@jumpstartlab.com,9522396000,P.O. Box 15403,Annapolis,MD,21412
1/21/09 20:51,Two,David,mcmelhorn@jumpstartlab.com,3019105000,14001 Blazer Lane,Silver Spring,MD,20906
1/21/09 21:17,Gardner,William,xgc1@jumpstartlab.com,4029904000,Campus Center 2527 16800 Pt. Lookout Rd,St. Mary's City,MD,20686
1/21/09 21:22,Rush,Francisco,siather.jennings@jumpstartlab.com,2406201000,"Campus Center #1754, 16800 Point Lookout Rd",St. Mary's City,MD,20686
1/21/09 21:30,Lapointe,Leah,vbmzar@jumpstartlab.com,2406201000,16800 Point Lookout Rd.,St. Mary's City,MD,20686
1/21/09 21:36,Barrows,Jessica,kphndoe13@jumpstartlab.com,2406201000,16800 Point Lookout Road,St Mary's City,MD,20686
1/21/09 21:44,Santiago,Kaitlin,gflajagger@jumpstartlab.com,5038053000,"Campus Center 2714, 16800 Point Lookout Rd.",St. Mary's City,MD,20686
1/21/09 21:53,Tecleab,Sophia,cicampbe@jumpstartlab.com,4103704000,Campus center 1346 16800 point lookout rd,St Mary's city,MD,20686
1/21/09 22:00,Oorthuys,Robert,awndol_n@jumpstartlab.com,7178564000,16800 Point Lookout Road,St Mary's City,MD,20686
1/21/09 22:00,Mussehl,Mollie,juworthy@jumpstartlab.com,3019432000,"Campus Center #1067, 16800 Point Lookout Road",Laurel,MD,20686
1/21/09 22:08,Lopez,Allegra,qssminemerriweather@jumpstartlab.com,7034240000,"Campus Center 1912, 16800 Point Lookout Rd",St Mary's City,MD,20686
1/21/09 22:11,Bartlett,Ginny,fuberly.sinclair@jumpstartlab.com,5555555000,16800 point look road,St. Mary's city,MD,20686
1/21/09 22:16,Oliver,Katya,pemoba6@jumpstartlab.com,5555555000,16800 point lookout rd,st marys city,MD,20686
1/21/09 22:17,Tyson,Laney,kaghav.goyal@jumpstartlab.com,3213215000,16800 Pt Lookout Rd,St. Mary's City,MD,20686
1/21/09 22:19,Foley,Heather,ctOHNSON716@jumpstartlab.com,5555555000,16800 point lookout rd,st marys city,MD,20686
1/21/09 22:19,Redmond,Rachel,tcreilly@jumpstartlab.com,3213215000,16800 Pt Lookout Rd,St. marys city,MD,20686
1/21/09 22:22,Moss,Ragini,yusse.d.fries@jumpstartlab.com,5555555000,16800 Point lookout rd,st marys city,MD,20686
1/21/09 22:26,Hillman,Kadie,agara_wright@jumpstartlab.com,5555555000,16800 Point lookout rd,st marys city,MD,20686
1/21/09 22:26,Schy,Erin,rjchel.howson@jumpstartlab.com,3213215000,16800 Pt Lookout Rd,St. Marys City,MD,20686
1/21/09 22:28,Nutter-upham,Aida,guazar@jumpstartlab.com,5555555000,16800 Point lookout rd,st marys city,MD,20686
1/21/09 22:29,Jones,Zach,olffj@jumpstartlab.com,3213215000,16800 Pt Lookout Rd,St. Mary's City,MD,20686
1/21/09 22:31,Waldo,Teen,vf9gw@jumpstartlab.com,5555555000,16800 Point lookout rd,st marys city,MD,20686
1/21/09 22:31,Migliorini,Lindsay,jk2184a@jumpstartlab.com,3213215000,16800 Pt Lookout Rd,St. Mary's City,MD,20686
1/21/09 22:33,Seeliger,Rebecca,yocoburn@jumpstartlab.com,5555555000,16800 Point lookout rd,st marys city,MD,20686
1/21/09 22:34,Dulys-nusbaum,Jessica,nvimslopez@jumpstartlab.com,3213215000,16800 Pt Lookout Rd,St. Mary's City,MD,20686
1/21/09 22:35,Peeler,Stacy,tarta.musial@jumpstartlab.com,5555555000,16800 Point lookout rd,st marys city,MD,20686
1/21/09 22:37,Peterson,Linda,qaarren@jumpstartlab.com,3213215000,16800 Pt Lookout Rd,St. Mary's City,MD,20686
1/21/09 22:37,Hoh,Brandon,hleyew@jumpstartlab.com,5555555000,16800 Point lookout rd,st marys city,MD,20686
1/21/09 22:39,Rodriguez,Katie,kkhorn@jumpstartlab.com,3213215000,16800 Point Lookout Rd.,St. Mary's City,MD,20686
1/21/09 22:39,Bender,Nora,jxhnathon.daniel@jumpstartlab.com,5555555000,16800 point lookout rd,st marys city,MD,20686
1/21/09 22:41,Kuria,Courtney,vlk58@jumpstartlab.com,5555555000,16800 Point lookout rd,st marys city,MD,20686
1/21/09 22:43,Collier,Sara,xbenybn@jumpstartlab.com,5555555000,16800 Point lookout rd,st marys city,MD,20686
1/21/09 22:45,Thai,Laura,oally.sharrow@jumpstartlab.com,5555555000,16800 Point lookout rd,st marys city,MD,20686
1/21/09 22:46,Fink,John,stiorio@jumpstartlab.com,3213215000,16800 Point Lookout Rd.,St. Mary's City,MD,20686
1/21/09 22:47,Chase,Myriam,jevesayj@jumpstartlab.com,5555555000,16800 Point lookout rd,st marys city,MD,20686
1/21/09 22:49,Bradley,Chris,chehli.1@jumpstartlab.com,3213215000,16800 Point Lookout Rd.,St. Mary's City,MD,20686
1/21/09 22:49,Warren,Danielle,okwhiteman@jumpstartlab.com,5555555000,16800 Point lookout rd,st marys cityq,MD,20686
1/21/09 22:51,Kearney,Lisa,vkeygordon@jumpstartlab.com,5555555000,16800 Point lookout rd,st marys city,MD,20686
1/21/09 22:53,Stoneking,Gabrielle,jostilllusesabeeper@jumpstartlab.com,5555555000,16800 Point lookout rd,st marys city,MD,20686
1/21/09 22:53,Hall,Jake,ifinero@jumpstartlab.com,4029904000,16800 Point Lookout Rd.,St. Mary's City,MD,20686
1/21/09 22:54,Ebersole,Bret,yhsloa08@jumpstartlab.com,5555555000,16800 Point lookout rd,st marys city,MD,20686
1/21/09 22:55,Houghton,Nell,vjm2865@jumpstartlab.com,4029904000,16800 Point Lookout Rd.,St. Mary's City,MD,20686
1/21/09 22:56,Wein,Robert,yahrison@jumpstartlab.com,5555555000,16800 Point lookout rd,st marys city,MD,20686
1/21/09 22:58,Lopez,Ashley,vermideo@jumpstartlab.com,5555555000,16800 Point lookout rd,st marys city,MD,20686
1/21/09 23:00,Jahne,John,qyieff@jumpstartlab.com,5555555000,16800 Point lookout rd,st marys city,MD,20686
1/21/09 23:00,Moskowitz,Hannah,rbolley@jumpstartlab.com,4029904000,16800 Point Lookout Rd.,yhfh,MD,20686
1/21/09 23:01,Reay,Tony,uxffret@jumpstartlab.com,5555555000,16800 Point lookout rd,st marys city,MD,20686
1/21/09 23:40,Baker,Eliza,ykvinga@jumpstartlab.com,9086982000,MS 2361 Loyola College 4501 North Charles St,Baltimore,MD,21210
1/21/09 23:42,Fowler,Natalie,netite_nombre@jumpstartlab.com,9086982000,MS 2361 4501 N Charles St,Baltimore,MD,21210
1/21/09 23:44,Davies,William,rxowden3@jumpstartlab.com,9086982000,MS 2361 4501 N. Charles St,Baltimore,MD,21210
1/21/09 23:46,Null,Sarah,rcverburg@jumpstartlab.com,9086982000,MS 2361 4501 N. Charles St,Baltimore,MD,21210
1/21/09 23:47,Donnelly,Jennifer,qxaschreck@jumpstartlab.com,9086982000,2361 4501 N. Charles St,Baltimore,MD,21210
1/21/09 23:49,Sullivan,Shelby,bereenberg@jumpstartlab.com,6312912000,MS 2361 4501 N Charles St,Baltimore,MD,21210
1/21/09 23:51,Evans,Courtney,agatsfunny1688@jumpstartlab.com,4103702000,MS 3356 Loyola College 4501 N Charles St,Baltimore,MD,21210
1/21/09 23:53,Hunter,Wendy,elgerow@jumpstartlab.com,9087525000,MS 2361 4501 N Charles St,Baltimore,MD,21210
1/21/09 23:55,Ter kuile,Lance,yboaks@jumpstartlab.com,6318735000,124,Baltimore,MD,21210
1/21/09 23:57,Whitney,Chris,bcisher@jumpstartlab.com,4103702000,456,Baltimore,MD,21210
1/22/09 13:22,Mccusker,Null,papokuag@jumpstartlab.com,5082748000,"1519 East Falkland Ln, Apt 154",Silver Spring,MD,20910
1/24/09 19:54,Richards,Minrose,klsheac@jumpstartlab.com,6179353000,"5215 Centreville Hall, University of Maryland",College Park,MD,20742
1/26/09 20:47,Kolodin,Diana,mqrosent@jumpstartlab.com,3017872000,4226A Guilford Dr,College Park,MD,20817
1/26/09 22:24,Balinsky-baker,Kevin,xlarab1@jumpstartlab.com,9145844000,7600 Flower Ave.,Takoma Park,MD,20912
1/26/09 22:27,Herman,Richard,xb@jumpstartlab.com,7322997000,1001 Kennebec Ave.,Takoma Park,MD,20912
1/26/09 22:36,Embick,Michael,sdfonteyne@jumpstartlab.com,9136871000,7600 Flower Ave.,"Takoma Park,",MD,20912
1/26/09 22:43,Litzenberg,X,bfoseen@jumpstartlab.com,2403508000,15144 Red Cedar Dr.,Burtonsville,MD,20866
1/26/09 23:11,Stachowski,Melissa,dnhimjolly@jumpstartlab.com,3015189000,15144 Red Cedar Dr.,Burtonsville,MD,20866
1/26/09 23:23,Becker,Dani,uxch.hastings@jumpstartlab.com,2403869000,7600 Flower Ave.,Takoma Park,MD,20912
1/26/09 23:27,Lister,Milton,dqingold@jumpstartlab.com,3018914000,7600 Flower Ave.,Takoma Park,MD,20912
1/27/09 21:47,Voutour,Laura,tuyrotenberg@jumpstartlab.com,3014740000,2 P Plateau Pl,Greenbelt,MD,20770
1/28/09 8:58,Svoboda,Jessica,vxitkens724@jumpstartlab.com,8608106000,4501 N Charles St. MS 2700,Baltimore,MD,21210
1/28/09 11:24,Doe,Jesse,gsaddario@jumpstartlab.com,7174482000,1304 Peaceful Lane,Silver Spring,MD,20904
1/28/09 21:54,Slote,Sheila,gdristina.holland@jumpstartlab.com,3019741000,8252 Sandy Stream Road,Laurel,MD,20723
1/29/09 10:13,Doe,Daniel,iicmseac@jumpstartlab.com,3013184000,7951 15th Ave #201,Hyattsville,MD,20783
1/29/09 11:58,Hopkins,Katie,gbnichol@jumpstartlab.com,4105928000,11819 Stoney Batter Road,Kingsville,MD,21087
1/29/09 15:12,Letcheva,Laney,pdisb_nuggs@jumpstartlab.com,8459887000,1401 potomac ave,Hagerstown,MD,21742
1/29/09 19:54,See,Carl,fuoungma@jumpstartlab.com,6785710000,247-09D Leonardtown,College Park,MD,20740
1/29/09 20:46,Borick,Matthew,gclue-hitchens11@jumpstartlab.com,3013469000,247-09-C New Leonardtown,College Park,MD,20742
1/30/09 10:41,Kauffman,Alexis,ctnteyj@jumpstartlab.com,6173650000,3339 N. Charles St.,Baltimore,MD,21218
1/30/09 10:53,San roman,Whitney,fgoore@jumpstartlab.com,6173650000,2 w. University Pkwy,Baltimore,MD,21218
1/30/09 10:57,Tran,Eleanor,tiperchick447@jumpstartlab.com,6173650000,6010 California Cir 114,Rockville,MD,20852
1/30/09 11:01,Sibelman,Ben,kntsosj@jumpstartlab.com,6173650000,712 Montpelier,Baltimore,MD,21218
1/30/09 11:04,Thatcher,Isabelle,dybosem@jumpstartlab.com,6173650000,3339 N. Charles,Baltimore,MD,21218
1/30/09 11:07,Gent,Liana,eggordon@jumpstartlab.com,6173650000,3900 Halstead,Baltimore,MD,21218
1/30/09 11:10,Bissessar,Jessica,kkazirak@jumpstartlab.com,6173650000,110 W. 39th,Baltimore,MD,21210
1/30/09 11:13,Matthews,Jake,feaversnob@jumpstartlab.com,6173650000,3501 st. paul,Baltimore,MD,21218
1/30/09 11:15,Xx,Stephen,tull31@jumpstartlab.com,6173650000,3339 n charles,Baltimore,MD,21218
1/30/09 11:18,Boyle,Laura,vvaterma@jumpstartlab.com,6173650000,110 w 39th,Baltimore,MD,21210
1/30/09 11:21,Westwood,John,ngelacolwell@jumpstartlab.com,6173650000,3301 n charles st.,Baltimore,MD,21218
1/30/09 11:23,Webster,Laura,ows_braun@jumpstartlab.com,6173650000,3003 n charles st,Baltimore,MD,21218
1/30/09 11:26,Smith,Cassidy,vxurengill@jumpstartlab.com,6173650000,3003 n charles st,Baltimore,MD,21218
1/30/09 12:16,Khouang,Sherry,ceanzet@jumpstartlab.com,3016131000,x,x,MD,21216
1/30/09 12:19,Caldwell,Keonna,lwlarali@jumpstartlab.com,3016131000,x,x,MD,21216
1/30/09 12:21,Student,Meghan,txancourt@jumpstartlab.com,3016131000,x,x,MD,21216
1/30/09 12:23,Dutton,Catherine,xfnnie.woldorf@jumpstartlab.com,3016131000,x,x,MD,21216
1/30/09 12:27,Sangha,Philip,nmnes4re@jumpstartlab.com,3016131000,x,x,MD,21216
1/30/09 12:29,D'addario,Neha,wyusecc@jumpstartlab.com,3016131000,x,x,MD,21216
1/30/09 12:30,Kurs,Russell,rnloe.sackett@jumpstartlab.com,3016131000,x,x,MD,21216
1/30/09 12:40,Rizzo,Aditi,odenajean@jumpstartlab.com,3016131000,x,x,MD,21216
1/30/09 12:43,Zahorian,Meredith,ypebee3000@jumpstartlab.com,3016131000,x,x,MD,21216
1/30/09 12:45,Thompson,Heather,rdm327@jumpstartlab.com,3016131000,x,x,MD,21216
1/30/09 14:16,Howard,Null,uqlitzen@jumpstartlab.com,5089549000,"247-10 Leonardtown, University of Maryland",College Park,MD,20742
1/30/09 14:28,Sanders,Jessica,uvsorens@jumpstartlab.com,3016131000,x,x,MD,21216
1/30/09 14:30,Phillips,Melanie,hdaggio@jumpstartlab.com,3016131000,x,x,MD,21216
1/30/09 14:31,Smedick,Alicia,saoy3333@jumpstartlab.com,3016131000,x,x,MD,21216
1/30/09 14:33,Mershon,Caroline,ny@jumpstartlab.com,3016131000,x,x,MD,21216
1/30/09 14:37,Sprinzen,Michael,jyica.borgeswallace@jumpstartlab.com,3016131000,x,x,MD,21216
1/30/09 14:38,Hoffbeck,Sandddd,nrllinsj4@jumpstartlab.com,3016131000,x,x,MD,21216
1/30/09 14:39,Derwin,Holly,tcephanie.j.gardner@jumpstartlab.com,3016131000,x,x,MD,21216
1/30/09 14:41,Downing,Diana,sdhaw1@jumpstartlab.com,3016131000,x,x,MD,21216
1/30/09 14:43,Waldman,Sarah,cychelleighguillory@jumpstartlab.com,3016131000,x,x,MD,21216
1/30/09 14:44,Bell,Mary,cfeckerp@jumpstartlab.com,3016131000,x,x,MD,21216
1/30/09 14:46,Hawes,Bridget,lsmery@jumpstartlab.com,3016131000,x,x,MD,21216
1/30/09 14:47,Cruickshank,Philip,plerris@jumpstartlab.com,3016131000,x,x,MD,21216
1/30/09 14:48,Kohnstamm,Robert,ruood1988@jumpstartlab.com,3016131000,x,x,MD,21216
1/30/09 14:49,Law,Jason,agle_Rosenblad@jumpstartlab.com,3016131000,x,x,MD,21216
1/30/09 14:51,Owens,Eric,moilema1@jumpstartlab.com,3016131000,x,x,MD,21216
1/30/09 14:52,Dennis,Jillian,urchnibe@jumpstartlab.com,3016131000,x,x,MD,21216
1/30/09 14:54,Pedicone,Christie,ixhndoe3@jumpstartlab.com,3016131000,x,x,MD,21216
1/30/09 14:55,Lane,Marcellus,nuttydus@jumpstartlab.com,3016131000,x,x,MD,21216
1/30/09 14:56,Miller,Valencia,dpaaaaaaaaa@jumpstartlab.com,3016131000,x,x,MD,21216
1/30/09 14:58,Parry,Elizabeth,acombard@jumpstartlab.com,3016131000,x,x,MD,21216
1/30/09 15:00,Gill,Juliet,tqnniferkrill@jumpstartlab.com,3016131000,x,x,MD,21216
1/30/09 15:01,Howell-dinger,Catherine,arnneryis007@jumpstartlab.com,3016131000,x,x,MD,21216
1/30/09 15:02,Marchessault,Andrea,ord9@jumpstartlab.com,3016131000,x,x,MD,21216
1/30/09 15:04,Mendez,Jane,natowel@jumpstartlab.com,3016131000,x,x,MD,21216
1/30/09 15:06,Ray-mazumder,J,tmclaibo@jumpstartlab.com,3016131000,x,x,MD,21216
1/30/09 15:09,Finkel,Lea,reanelle.dugan@jumpstartlab.com,3016131000,x,x,MD,21216
1/30/09 15:10,Lynch,Whitney,ahccernsv@jumpstartlab.com,3016131000,x,x,MD,21216
1/30/09 15:11,Moynahan,Michael,hkianhalprin@jumpstartlab.com,3016131000,x,x,MD,21216
1/30/09 15:13,Webster,James,vouljosephpark@jumpstartlab.com,3016131000,x,x,MD,21216
1/30/09 15:15,Carodenuto,Catherine,rcura.lipinski@jumpstartlab.com,3016131000,x,x,MD,21216
1/30/09 15:17,Heinichen,Francesca,lynfranklin@jumpstartlab.com,3016131000,x,x,MD,21216
1/30/09 15:18,Shapiro,Elise,aesout08@jumpstartlab.com,3016131000,x,x,MD,21216
1/30/09 15:20,Van eck,Andreah,qxcthruhiker17@jumpstartlab.com,3016131000,x,x,MD,21216
1/30/09 15:21,Wright,Marci,rbrie.stratton@jumpstartlab.com,3016131000,x,x,MD,21216
1/30/09 15:23,Skaggs,Mary,ijlldurrett@jumpstartlab.com,3016131000,x,x,MD,21216
1/30/09 15:25,Coleman,Lorenzo,jjaslett@jumpstartlab.com,3016131000,x,x,MD,21216
1/30/09 15:28,Colehor,Andrew,gjlupkin@jumpstartlab.com,3016131000,x,x,MD,21216
1/30/09 15:29,Laird,Beth,umt24@jumpstartlab.com,3016131000,x,x,MD,21216
1/30/09 15:31,Dooley-feldman,Arielle,kkccrory@jumpstartlab.com,3016131000,x,x,MD,21216
1/30/09 15:33,Maloney,Katherine,rcng2106@jumpstartlab.com,3016131000,x,x,MD,21216
1/30/09 15:34,Uzuki,Rebecca,gkpagecolby@jumpstartlab.com,3016131000,x,x,MD,21216
1/30/09 15:36,Brown,Georgia,pikeAli27@jumpstartlab.com,3016131000,x,x,MD,21216
1/30/09 15:38,Griffin,Euric,rcll32@jumpstartlab.com,3016131000,x,x,MD,21216
1/30/09 15:40,Jones,Natalie,korkson.allegra@jumpstartlab.com,3016131000,x,x,MD,21216
1/30/09 15:41,Reese,Stacy,yohley.leclare@jumpstartlab.com,3016131000,x,x,MD,21216
1/30/09 17:50,Bolton,Charles,tfedina4@jumpstartlab.com,8143973000,1010 S. Kenwood Ave.,Baltimore,MD,21224
1/31/09 6:44,Atcheson,Tarini,xkracken@jumpstartlab.com,4109920000,8945 Footed Ridge,Columbia,MD,21045
1/31/09 12:02,Marden,Jamie,assse.d.jenkins@jumpstartlab.com,4432579000,"4230 Knox Road, Apt. 1530",College Park,MD,20742
1/31/09 12:57,Repka,Lillian,nywaibi@jumpstartlab.com,2404260000,3109 Cambridge,College Park,MD,20742
1/31/09 14:19,Weinstein,Natalie,xuwilburn11@jumpstartlab.com,2404010000,"247-9 Leonardtown Hall, University of Maryland",College Park,MD,20742
1/31/09 14:22,Cooper,Nicholas,yyvidpcorrado@jumpstartlab.com,9788444000,8000 Boteler Lane,College Park,MD,20740
1/31/09 14:52,Stewart,Shannon,liarry@jumpstartlab.com,4102276000,1000 Hilltop Circle,Baltimore,MD,21250
1/31/09 16:26,Manchada,Melanie,gxudgens@jumpstartlab.com,7183054000,1492 Selworthy Rd,Potomac,MD,20854
1/31/09 17:27,Frederick,Steph,krott@jumpstartlab.com,4104585000,8000 Boteler Lane Apt #124A,College Park,MD,29740
1/31/09 17:50,Siegel,Tamara,dingbodu@jumpstartlab.com,3012579000,6905 donachie rd apt f,baltimore,MD,21239
1/31/09 17:53,Jeff,Jay,pmahlstr@jumpstartlab.com,3012579000,303 E. Burke Rd Apt C,Towson,MD,21286
1/31/09 18:08,Clancy,Laurie,jk@jumpstartlab.com,3012579000,3115-8 university blvd west,kensington,MD,20895
1/31/09 18:10,White,Jane,fpikatri@jumpstartlab.com,3012579000,8007 york rd apt C1,Towson,MD,21204
1/31/09 18:11,Brubaker,Cara,tvnglese1@jumpstartlab.com,3103704000,6121 Centreville Hall,College Park,MD,20742
1/31/09 18:12,O'bryon,Marcelino,jxrrieweikle@jumpstartlab.com,3022455000,8000 Boteler Lane Apt. 124,College Park,MD,20740
1/31/09 18:14,Wang,Jessica,vwinsa02@jumpstartlab.com,4436297000,11209 greenspring ave,lutherville,MD,21093
1/31/09 18:18,Suzor,Kirsten,hwiderc@jumpstartlab.com,4439942000,4603 harvard rd.,college park,MD,20740
1/31/09 18:21,Dougherty,Amanda,ukmitch07@jumpstartlab.com,2402103000,607 wilson ln,waldorf,MD,20602
1/31/09 18:24,Griffard,X,skmbolger@jumpstartlab.com,3012667000,6580 glendale place,La Plata,MD,20646
1/31/09 18:28,Williams,Sarah,dvjaff07@jumpstartlab.com,4436324000,14021 woodlings lane,reisterstown,MD,21136
1/31/09 18:34,Brisbois,Sarah,wqlee0808@jumpstartlab.com,4436324000,3043 Frisby St.,Baltimore,MD,21218
1/31/09 18:34,Santoro,Kelly,auurtney.marie.davis@jumpstartlab.com,2402054000,28 Lee Ave. Apt. 303,Takoma Park,MD,20912
1/31/09 18:37,Ogutu,Alice,ury1@jumpstartlab.com,4436167000,3327 charles st,fallston,MD,21047
1/31/09 18:40,Fonda-bonardi,Stephen,rilking_contradiction_27@jumpstartlab.com,2403469000,3802 brewster circle,waldorf,MD,20601
1/31/09 18:42,Pfeffer,Jordan,xfanjarr@jumpstartlab.com,2404614000,251 manor circle,takoma park,MD,20912
1/31/09 18:45,Nayeem,Hilary,lhavis@jumpstartlab.com,3018141000,251 manor circle,takoma park,MD,20912
1/31/09 19:29,Syrig,Charlotte,wwedellstiles@jumpstartlab.com,3013184000,6201 41st Ave,Hyattsville,MD,20782
1/31/09 19:36,Reinauer,Zachary,qrantiag@jumpstartlab.com,3046045000,5218 Centreville,College Park,MD,20742
1/31/09 19:56,Barker,Emma,rcberger@jumpstartlab.com,3013200000,2 Bay Tree Lane,Bethesda,MD,20816
2/1/09 9:32,Zamudio,Bradly,fyaronsmith@jumpstartlab.com,4102180000,1102 Somerset Hall,College Park,MD,20742
2/1/09 13:07,Sager,Megan,xglia.shindel@jumpstartlab.com,5134172000,4227 Oglethorpe St.,Hyattsville,MD,20781
2/1/09 14:14,Gupta,Null,sxhndoe14@jumpstartlab.com,8125523000,"1133 E West Hwy, Ste 319-W",Silver Spring,MD,20910
2/1/09 16:45,Doe,Meredith,uimenez@jumpstartlab.com,3012529000,8000 Travis Ln,College Park,MD,20740
2/1/09 17:05,Fencl,Zach,smTAK@jumpstartlab.com,5136803000,"8204 Baltimore Ave, Apt 718B",College Park,MD,20740
2/1/09 18:45,Zimmer,Brandon,mmockc6@jumpstartlab.com,7327798000,401 Rosemont Ave.,Frederick,MD,21701
2/1/09 20:44,Lazarowski,Paul,qnudmer@jumpstartlab.com,3013790000,17714 Meetinghouse Rd,Sandy Spring,MD,20860
2/1/09 20:49,August,Shane,anhilips@jumpstartlab.com,3018912000,1012 Heather Ave,Takoma Park,MD,20912
2/1/09 20:52,Barns,Leslie,ufoff@jumpstartlab.com,2406261000,24 JerMae St,Thurmont,MD,21788
2/1/09 20:53,Parker,Scott,qhuer321@jumpstartlab.com,2022701000,19308 Alderbarn Ct,Brookeville,MD,20833
2/1/09 21:09,Patrick,Shannon,foshankland@jumpstartlab.com,2407500000,4 Vallingby Circle,Rockvile,MD,20850
2/1/09 21:13,Haskell,Sophia,gbffb_123@jumpstartlab.com,3014740000,14-N Laurel Hill Road,Greenbelt,MD,20770
2/1/09 21:20,Arnold,Rose,oqenville@jumpstartlab.com,3012337000,6 Middlebridge Ct,Silver Spring,MD,20906
2/1/09 21:23,Dickson,Alison,xoolloway10@jumpstartlab.com,3012995000,8158 Inverness Ridge Road,Potomac,MD,20854
2/1/09 21:27,Xx,Eliza,wqrah.mary89@jumpstartlab.com,3019832000,11713 Charen Lane,Potomac,MD,20854
2/1/09 21:37,Chronis,Kirsten,frmooski@jumpstartlab.com,3016174000,10584 Hunters Way,Laurel,MD,20723
2/1/09 21:41,Dewolf,Dominique,xwh001@jumpstartlab.com,3015880000,9407 Worth Ave,Silver Spring,MD,20901
2/1/09 21:45,Wetherill,Sam,fyvegetarian@jumpstartlab.com,2404856000,10823 Margate Road,Silver Spring,MD,20901
2/1/09 21:48,Comer,X,iaivings@jumpstartlab.com,2406728000,3708 Underwood Rd,Chevy Chase,MD,20815
2/1/09 21:52,Roy,Katie,dhigsi01@jumpstartlab.com,2063722000,6201 41st Ave,Hyattsville,MD,20782
2/1/09 21:53,Avendano,Jessica,ruoore10@jumpstartlab.com,3017875000,1814 August Dr,Silver Spring,MD,20902
2/1/09 21:56,Marquis,Lauren,fqenshen@jumpstartlab.com,3018303000,2103 Hermitage Road,Wheaton,MD,20902
2/1/09 21:59,Spero,Michael,dcna.kuhnline@jumpstartlab.com,3018019000,8905 Sudbury Road,Silver Spring,MD,20901
2/1/09 22:09,Theden,Liam,psmcgrew@jumpstartlab.com,3014211000,2217 Link Road,Silver Spring,MD,20905
2/1/09 22:13,Siegler,Stephanie,npmaho06@jumpstartlab.com,2406027000,6905 Pineway Ave,University Park,MD,20782
2/1/09 22:19,Wofford,Ruth,paallmeyer@jumpstartlab.com,2404971000,7423 Lynnhurst Street,Chevy Chase,MD,20815
2/1/09 22:30,Schwaneke,Jane,fjh224@jumpstartlab.com,3012197000,310 Crabb Avenue,Rockville,MD,20850
2/1/09 22:35,Tedrow,Sajeewa,gerumber@jumpstartlab.com,3017606000,7710 Iron Forge Court,Derwood,MD,20855
2/1/09 22:37,Mccall,Rhiannon,plgermal@jumpstartlab.com,3014667000,4111 Elkton Hall,College Park,MD,20742
2/1/09 22:38,Queen,Shannen,kjinda.manglik@jumpstartlab.com,3017749000,4105 Alfalfa Terrace,Olney,MD,20832
2/1/09 23:11,Smith,Meg,jy379@jumpstartlab.com,3013184000,5024 Berwyn Road,College Park,MD,20740
2/1/09 23:12,Lkjklljlkj,Arden,hslftylerblue@jumpstartlab.com,2402529000,3106 Dorchester Hall,College Park,MD,20742
2/1/09 23:20,Baker,Kara,cms.bischoff@jumpstartlab.com,2408884000,7600 Flower Ave.,Takoma Park,MD,20912
2/1/09 23:25,Catellacci,Genevieve,gyura.Kriegel@jumpstartlab.com,3013184000,6109 Hagerstown Hall,College Park,MD,20742
2/1/09 23:26,Gromisch,Eliza,lqmoresch@jumpstartlab.com,3016761000,8241 Black Hawk Court,Frederick,MD,21701
2/1/09 23:29,Tale,Dordt,qxope@jumpstartlab.com,4107107000,5104 Denton Hall,College Park,MD,20742
2/1/09 23:30,Rueter,Christian,xlean@jumpstartlab.com,2404980000,224 Onley Road #103-A,Salisbury,MD,21804
2/1/09 23:33,Gosse,Sarah,bsore@jumpstartlab.com,3042795000,7600 Flower Ave.,Takoma Park,MD,20912
2/1/09 23:33,Brummel,Austin,lpldor_a@jumpstartlab.com,3013184000,8000 Boteler Lane,College Park,MD,20740
2/1/09 23:39,Kolb,Joseph,avdisido@jumpstartlab.com,3013184000,8000 Boteler Lane,College Park,MD,20740
2/1/09 23:43,Holleb,Seth,ouitlinef324@jumpstartlab.com,3019103000,"4226 Guilford Drive, Apt A",College Park,MD,20740
2/1/09 23:47,Holdaway,Jordan,ekazanec@jumpstartlab.com,3015239000,8133 Hagerstown Hall,College park,MD,20742
2/1/09 23:53,Gladfelter,Lorena,ylnjen3323@jumpstartlab.com,3012040000,2 College Hill,Westminster,MD,21157
2/2/09 0:03,Rawstron,Ben,xjpivey@jumpstartlab.com,3193504000,6201 41st Ave,Hyattsville,MD,20782
2/2/09 0:07,Butler,Laura,drCyprian@jumpstartlab.com,3013184000,247-9C New Leonardtown,College Park,MD,20742
2/2/09 0:22,Sorenson,Jake,pqowen09@jumpstartlab.com,3017127000,4902 Cherokee Street,College Park,MD,20740
2/2/09 6:55,Wolfson,Kyle,gjethin@jumpstartlab.com,2022220000,4004 32nd St,Mount Rainier,MD,20712
2/2/09 9:47,Spence,Kerry,cghsjp@jumpstartlab.com,4103031000,7400 Columbia Ave,College Park,MD,20740
2/2/09 10:30,Aungst,Dan,vmrthsaver@jumpstartlab.com,5034758000,12545 Catalina Drive,Lusby,MD,20657
